Sr No.,Code,URL,Batch
1,KLRG33E9,https://marketing.raffle24.oasisfloralshop.in?code=KLRG33E9,B151
2,TLNH21D4,https://marketing.raffle24.oasisfloralshop.in?code=TLNH21D4,B151
3,EVBN38G3,https://marketing.raffle24.oasisfloralshop.in?code=EVBN38G3,B151
4,UHADLEJ1,https://marketing.raffle24.oasisfloralshop.in?code=UHADLEJ1,B151
5,HCJAF3BI,https://marketing.raffle24.oasisfloralshop.in?code=HCJAF3BI,B151
6,SXUPE6G7,https://marketing.raffle24.oasisfloralshop.in?code=SXUPE6G7,B151
7,IRVH99UG,https://marketing.raffle24.oasisfloralshop.in?code=IRVH99UG,B151
8,GBLCH3U2,https://marketing.raffle24.oasisfloralshop.in?code=GBLCH3U2,B151
9,GLFP68T5,https://marketing.raffle24.oasisfloralshop.in?code=GLFP68T5,B151
10,RWNB14D6,https://marketing.raffle24.oasisfloralshop.in?code=RWNB14D6,B151
11,PVMB59B5,https://marketing.raffle24.oasisfloralshop.in?code=PVMB59B5,B151
12,XZLD39Q2,https://marketing.raffle24.oasisfloralshop.in?code=XZLD39Q2,B151
13,WDDR85D3,https://marketing.raffle24.oasisfloralshop.in?code=WDDR85D3,B151
14,WDDA48PC,https://marketing.raffle24.oasisfloralshop.in?code=WDDA48PC,B151
15,REGT5IE1,https://marketing.raffle24.oasisfloralshop.in?code=REGT5IE1,B151
16,LCRN82BG,https://marketing.raffle24.oasisfloralshop.in?code=LCRN82BG,B151
17,XCLV4AZ1,https://marketing.raffle24.oasisfloralshop.in?code=XCLV4AZ1,B151
18,NHLZ42P5,https://marketing.raffle24.oasisfloralshop.in?code=NHLZ42P5,B151
19,UGJUD4R2,https://marketing.raffle24.oasisfloralshop.in?code=UGJUD4R2,B151
20,KYZN3IM1,https://marketing.raffle24.oasisfloralshop.in?code=KYZN3IM1,B151
21,PDSX1MW4,https://marketing.raffle24.oasisfloralshop.in?code=PDSX1MW4,B151
22,PTUKC4A3,https://marketing.raffle24.oasisfloralshop.in?code=PTUKC4A3,B151
23,ZFKY57K7,https://marketing.raffle24.oasisfloralshop.in?code=ZFKY57K7,B151
24,VVZN17Q8,https://marketing.raffle24.oasisfloralshop.in?code=VVZN17Q8,B151
25,RCUXN4VD,https://marketing.raffle24.oasisfloralshop.in?code=RCUXN4VD,B151
26,WJGZ16Z2,https://marketing.raffle24.oasisfloralshop.in?code=WJGZ16Z2,B151
27,JZZC96R9,https://marketing.raffle24.oasisfloralshop.in?code=JZZC96R9,B151
28,ADQMD1GD,https://marketing.raffle24.oasisfloralshop.in?code=ADQMD1GD,B151
29,TFPN64P2,https://marketing.raffle24.oasisfloralshop.in?code=TFPN64P2,B151
30,ZSPCG9Y5,https://marketing.raffle24.oasisfloralshop.in?code=ZSPCG9Y5,B151
31,MLVS47B8,https://marketing.raffle24.oasisfloralshop.in?code=MLVS47B8,B151
32,KSCE76L5,https://marketing.raffle24.oasisfloralshop.in?code=KSCE76L5,B151
33,CCKG11SB,https://marketing.raffle24.oasisfloralshop.in?code=CCKG11SB,B151
34,BWYX68N7,https://marketing.raffle24.oasisfloralshop.in?code=BWYX68N7,B151
35,TEXT11N5,https://marketing.raffle24.oasisfloralshop.in?code=TEXT11N5,B151
36,XCSW39C7,https://marketing.raffle24.oasisfloralshop.in?code=XCSW39C7,B151
37,RRWV9DL3,https://marketing.raffle24.oasisfloralshop.in?code=RRWV9DL3,B151
38,EZQBD6R7,https://marketing.raffle24.oasisfloralshop.in?code=EZQBD6R7,B151
39,MUBYC6R3,https://marketing.raffle24.oasisfloralshop.in?code=MUBYC6R3,B151
40,LCIQ61T8,https://marketing.raffle24.oasisfloralshop.in?code=LCIQ61T8,B151
41,DLJF24S9,https://marketing.raffle24.oasisfloralshop.in?code=DLJF24S9,B151
42,AFWQ76A5,https://marketing.raffle24.oasisfloralshop.in?code=AFWQ76A5,B151
43,NHAL6LL7,https://marketing.raffle24.oasisfloralshop.in?code=NHAL6LL7,B151
44,TLQN62HH,https://marketing.raffle24.oasisfloralshop.in?code=TLQN62HH,B151
45,BIYB34F7,https://marketing.raffle24.oasisfloralshop.in?code=BIYB34F7,B151
46,UFWF74M2,https://marketing.raffle24.oasisfloralshop.in?code=UFWF74M2,B151
47,UUPT1GE8,https://marketing.raffle24.oasisfloralshop.in?code=UUPT1GE8,B151
48,IUUQNATF,https://marketing.raffle24.oasisfloralshop.in?code=IUUQNATF,B151
49,DLAG45FA,https://marketing.raffle24.oasisfloralshop.in?code=DLAG45FA,B151
50,EWYW47P4,https://marketing.raffle24.oasisfloralshop.in?code=EWYW47P4,B151
51,SYRC41PA,https://marketing.raffle24.oasisfloralshop.in?code=SYRC41PA,B151
52,RHZUK4R5,https://marketing.raffle24.oasisfloralshop.in?code=RHZUK4R5,B151
53,JMNW62ZC,https://marketing.raffle24.oasisfloralshop.in?code=JMNW62ZC,B151
54,RVEW88U1,https://marketing.raffle24.oasisfloralshop.in?code=RVEW88U1,B151
55,IHRR92J6,https://marketing.raffle24.oasisfloralshop.in?code=IHRR92J6,B151
56,RGFQ9IU7,https://marketing.raffle24.oasisfloralshop.in?code=RGFQ9IU7,B151
57,FJUI35X2,https://marketing.raffle24.oasisfloralshop.in?code=FJUI35X2,B151
58,DXIU32B6,https://marketing.raffle24.oasisfloralshop.in?code=DXIU32B6,B151
59,QKXIGHR7,https://marketing.raffle24.oasisfloralshop.in?code=QKXIGHR7,B151
60,ZBHA87B9,https://marketing.raffle24.oasisfloralshop.in?code=ZBHA87B9,B151
61,ZVZT6NZN,https://marketing.raffle24.oasisfloralshop.in?code=ZVZT6NZN,B151
62,UBKN9AS7,https://marketing.raffle24.oasisfloralshop.in?code=UBKN9AS7,B151
63,PTJH1LZC,https://marketing.raffle24.oasisfloralshop.in?code=PTJH1LZC,B151
64,RRSV61TA,https://marketing.raffle24.oasisfloralshop.in?code=RRSV61TA,B151
65,BKRR31Y7,https://marketing.raffle24.oasisfloralshop.in?code=BKRR31Y7,B151
66,MBEJ4EPD,https://marketing.raffle24.oasisfloralshop.in?code=MBEJ4EPD,B151
67,NPVY68Y4,https://marketing.raffle24.oasisfloralshop.in?code=NPVY68Y4,B151
68,IEVA58H4,https://marketing.raffle24.oasisfloralshop.in?code=IEVA58H4,B151
69,LMATK3G1,https://marketing.raffle24.oasisfloralshop.in?code=LMATK3G1,B151
70,PWYJN7C2,https://marketing.raffle24.oasisfloralshop.in?code=PWYJN7C2,B151
71,ERRLHAVG,https://marketing.raffle24.oasisfloralshop.in?code=ERRLHAVG,B151
72,VKHP43R4,https://marketing.raffle24.oasisfloralshop.in?code=VKHP43R4,B151
73,NMUU72DG,https://marketing.raffle24.oasisfloralshop.in?code=NMUU72DG,B151
74,UPKH12T3,https://marketing.raffle24.oasisfloralshop.in?code=UPKH12T3,B151
75,YFTP8GA5,https://marketing.raffle24.oasisfloralshop.in?code=YFTP8GA5,B151
76,LUXB42J3,https://marketing.raffle24.oasisfloralshop.in?code=LUXB42J3,B151
77,CWCP24S8,https://marketing.raffle24.oasisfloralshop.in?code=CWCP24S8,B151
78,YDAD43F7,https://marketing.raffle24.oasisfloralshop.in?code=YDAD43F7,B151
79,ZEQP19B8,https://marketing.raffle24.oasisfloralshop.in?code=ZEQP19B8,B151
80,SERW2EP7,https://marketing.raffle24.oasisfloralshop.in?code=SERW2EP7,B151
81,IEEL85L4,https://marketing.raffle24.oasisfloralshop.in?code=IEEL85L4,B151
82,WUJMDAN8,https://marketing.raffle24.oasisfloralshop.in?code=WUJMDAN8,B151
83,ICTG8CZ6,https://marketing.raffle24.oasisfloralshop.in?code=ICTG8CZ6,B151
84,QYKQ96T5,https://marketing.raffle24.oasisfloralshop.in?code=QYKQ96T5,B151
85,YLTA21EB,https://marketing.raffle24.oasisfloralshop.in?code=YLTA21EB,B151
86,UQMD93E2,https://marketing.raffle24.oasisfloralshop.in?code=UQMD93E2,B151
87,QLYXD5Y5,https://marketing.raffle24.oasisfloralshop.in?code=QLYXD5Y5,B151
88,NZTB31R1,https://marketing.raffle24.oasisfloralshop.in?code=NZTB31R1,B151
89,TVYMN2N1,https://marketing.raffle24.oasisfloralshop.in?code=TVYMN2N1,B151
90,HKGM56S4,https://marketing.raffle24.oasisfloralshop.in?code=HKGM56S4,B151
91,YKPL53D4,https://marketing.raffle24.oasisfloralshop.in?code=YKPL53D4,B151
92,XAFD94G8,https://marketing.raffle24.oasisfloralshop.in?code=XAFD94G8,B151
93,HAIW14R5,https://marketing.raffle24.oasisfloralshop.in?code=HAIW14R5,B151
94,HEQB25U1,https://marketing.raffle24.oasisfloralshop.in?code=HEQB25U1,B151
95,MMUD19MN,https://marketing.raffle24.oasisfloralshop.in?code=MMUD19MN,B151
96,AUYL85H1,https://marketing.raffle24.oasisfloralshop.in?code=AUYL85H1,B151
97,KXNFIFWA,https://marketing.raffle24.oasisfloralshop.in?code=KXNFIFWA,B151
98,PXFDK7C5,https://marketing.raffle24.oasisfloralshop.in?code=PXFDK7C5,B151
99,BATJK7U4,https://marketing.raffle24.oasisfloralshop.in?code=BATJK7U4,B151
100,VAZT78Y5,https://marketing.raffle24.oasisfloralshop.in?code=VAZT78Y5,B151
101,EEBHK6J5,https://marketing.raffle24.oasisfloralshop.in?code=EEBHK6J5,B151
102,LTAXCGB5,https://marketing.raffle24.oasisfloralshop.in?code=LTAXCGB5,B151
103,WKAT27C3,https://marketing.raffle24.oasisfloralshop.in?code=WKAT27C3,B151
104,JVUA78Y8,https://marketing.raffle24.oasisfloralshop.in?code=JVUA78Y8,B151
105,HWMT85C2,https://marketing.raffle24.oasisfloralshop.in?code=HWMT85C2,B151
106,DGKUIMDG,https://marketing.raffle24.oasisfloralshop.in?code=DGKUIMDG,B151
107,MWYKA9H7,https://marketing.raffle24.oasisfloralshop.in?code=MWYKA9H7,B151
108,NJJR73G5,https://marketing.raffle24.oasisfloralshop.in?code=NJJR73G5,B151
109,UJWE1DU1,https://marketing.raffle24.oasisfloralshop.in?code=UJWE1DU1,B151
110,YXUY2MIC,https://marketing.raffle24.oasisfloralshop.in?code=YXUY2MIC,B151
111,VZICA9H8,https://marketing.raffle24.oasisfloralshop.in?code=VZICA9H8,B151
112,YXEZ71U3,https://marketing.raffle24.oasisfloralshop.in?code=YXEZ71U3,B151
113,XTRQ79U5,https://marketing.raffle24.oasisfloralshop.in?code=XTRQ79U5,B151
114,HJUK74V7,https://marketing.raffle24.oasisfloralshop.in?code=HJUK74V7,B151
115,LPID32K6,https://marketing.raffle24.oasisfloralshop.in?code=LPID32K6,B151
116,XAPINBX1,https://marketing.raffle24.oasisfloralshop.in?code=XAPINBX1,B151
117,FWSN17C6,https://marketing.raffle24.oasisfloralshop.in?code=FWSN17C6,B151
118,MMJU1FT7,https://marketing.raffle24.oasisfloralshop.in?code=MMJU1FT7,B151
119,PDDM9GGB,https://marketing.raffle24.oasisfloralshop.in?code=PDDM9GGB,B151
120,KIRS6KD6,https://marketing.raffle24.oasisfloralshop.in?code=KIRS6KD6,B151
121,IEUI25N4,https://marketing.raffle24.oasisfloralshop.in?code=IEUI25N4,B151
122,JKUZ57Y5,https://marketing.raffle24.oasisfloralshop.in?code=JKUZ57Y5,B151
123,MYEA1DH7,https://marketing.raffle24.oasisfloralshop.in?code=MYEA1DH7,B151
124,BBKG35WD,https://marketing.raffle24.oasisfloralshop.in?code=BBKG35WD,B151
125,ATBQ92V7,https://marketing.raffle24.oasisfloralshop.in?code=ATBQ92V7,B151
126,MAVB38M1,https://marketing.raffle24.oasisfloralshop.in?code=MAVB38M1,B151
127,RCGQEND2,https://marketing.raffle24.oasisfloralshop.in?code=RCGQEND2,B151
128,SGLA29L5,https://marketing.raffle24.oasisfloralshop.in?code=SGLA29L5,B151
129,QLAIK1U6,https://marketing.raffle24.oasisfloralshop.in?code=QLAIK1U6,B151
130,HVZQK3KK,https://marketing.raffle24.oasisfloralshop.in?code=HVZQK3KK,B151
131,RQZZHIX5,https://marketing.raffle24.oasisfloralshop.in?code=RQZZHIX5,B151
132,SIPYMGYB,https://marketing.raffle24.oasisfloralshop.in?code=SIPYMGYB,B151
133,GYGY2IX3,https://marketing.raffle24.oasisfloralshop.in?code=GYGY2IX3,B151
134,URTQ3HT5,https://marketing.raffle24.oasisfloralshop.in?code=URTQ3HT5,B151
135,XLYQ43D9,https://marketing.raffle24.oasisfloralshop.in?code=XLYQ43D9,B151
136,XTAV9KP9,https://marketing.raffle24.oasisfloralshop.in?code=XTAV9KP9,B151
137,GWQFB6CF,https://marketing.raffle24.oasisfloralshop.in?code=GWQFB6CF,B151
138,EZUG71Y7,https://marketing.raffle24.oasisfloralshop.in?code=EZUG71Y7,B151
139,KKNC12D2,https://marketing.raffle24.oasisfloralshop.in?code=KKNC12D2,B151
140,FXUG3CQC,https://marketing.raffle24.oasisfloralshop.in?code=FXUG3CQC,B151
141,QXTX82TG,https://marketing.raffle24.oasisfloralshop.in?code=QXTX82TG,B151
142,VFAF85V3,https://marketing.raffle24.oasisfloralshop.in?code=VFAF85V3,B151
143,TQFV48Q3,https://marketing.raffle24.oasisfloralshop.in?code=TQFV48Q3,B151
144,MXMX92F5,https://marketing.raffle24.oasisfloralshop.in?code=MXMX92F5,B151
145,ZYDR69I2,https://marketing.raffle24.oasisfloralshop.in?code=ZYDR69I2,B151
146,PDTW3IK2,https://marketing.raffle24.oasisfloralshop.in?code=PDTW3IK2,B151
147,KPTML2F9,https://marketing.raffle24.oasisfloralshop.in?code=KPTML2F9,B151
148,NUVY4EHA,https://marketing.raffle24.oasisfloralshop.in?code=NUVY4EHA,B151
149,SRXA33B6,https://marketing.raffle24.oasisfloralshop.in?code=SRXA33B6,B151
150,MNXHG7K9,https://marketing.raffle24.oasisfloralshop.in?code=MNXHG7K9,B151
151,MJMQ9NI6,https://marketing.raffle24.oasisfloralshop.in?code=MJMQ9NI6,B151
152,KPXHB1H4,https://marketing.raffle24.oasisfloralshop.in?code=KPXHB1H4,B151
153,GCIYJ7S9,https://marketing.raffle24.oasisfloralshop.in?code=GCIYJ7S9,B151
154,VAKNA8K8,https://marketing.raffle24.oasisfloralshop.in?code=VAKNA8K8,B151
155,WCGN31W6,https://marketing.raffle24.oasisfloralshop.in?code=WCGN31W6,B151
156,FQCS27R1,https://marketing.raffle24.oasisfloralshop.in?code=FQCS27R1,B151
157,QHVZ18AB,https://marketing.raffle24.oasisfloralshop.in?code=QHVZ18AB,B151
158,TUKI49K3,https://marketing.raffle24.oasisfloralshop.in?code=TUKI49K3,B151
159,BJFH58S4,https://marketing.raffle24.oasisfloralshop.in?code=BJFH58S4,B151
160,UHLZ65G9,https://marketing.raffle24.oasisfloralshop.in?code=UHLZ65G9,B151
161,DIJRCBL2,https://marketing.raffle24.oasisfloralshop.in?code=DIJRCBL2,B151
162,AHSZ9CD8,https://marketing.raffle24.oasisfloralshop.in?code=AHSZ9CD8,B151
163,ZPWY82S1,https://marketing.raffle24.oasisfloralshop.in?code=ZPWY82S1,B151
164,LLPY1BDB,https://marketing.raffle24.oasisfloralshop.in?code=LLPY1BDB,B151
165,YVYMJIH5,https://marketing.raffle24.oasisfloralshop.in?code=YVYMJIH5,B151
166,VLDR19U1,https://marketing.raffle24.oasisfloralshop.in?code=VLDR19U1,B151
167,ZIBW89C2,https://marketing.raffle24.oasisfloralshop.in?code=ZIBW89C2,B151
168,TRTA16V8,https://marketing.raffle24.oasisfloralshop.in?code=TRTA16V8,B151
169,HINC59Q1,https://marketing.raffle24.oasisfloralshop.in?code=HINC59Q1,B151
170,DTFPG1T2,https://marketing.raffle24.oasisfloralshop.in?code=DTFPG1T2,B151
171,SSLVK1ZE,https://marketing.raffle24.oasisfloralshop.in?code=SSLVK1ZE,B151
172,TXDY55SG,https://marketing.raffle24.oasisfloralshop.in?code=TXDY55SG,B151
173,DZBJ45M2,https://marketing.raffle24.oasisfloralshop.in?code=DZBJ45M2,B151
174,APUXAJP1,https://marketing.raffle24.oasisfloralshop.in?code=APUXAJP1,B151
175,WUDJMHN3,https://marketing.raffle24.oasisfloralshop.in?code=WUDJMHN3,B151
176,MLXP5AI9,https://marketing.raffle24.oasisfloralshop.in?code=MLXP5AI9,B151
177,SESK49I4,https://marketing.raffle24.oasisfloralshop.in?code=SESK49I4,B151
178,HEINI3E2,https://marketing.raffle24.oasisfloralshop.in?code=HEINI3E2,B151
179,LYVA75F3,https://marketing.raffle24.oasisfloralshop.in?code=LYVA75F3,B151
180,NVWC5CP9,https://marketing.raffle24.oasisfloralshop.in?code=NVWC5CP9,B151
181,DEIVG7K8,https://marketing.raffle24.oasisfloralshop.in?code=DEIVG7K8,B151
182,JYWP42S4,https://marketing.raffle24.oasisfloralshop.in?code=JYWP42S4,B151
183,UNUQ56D4,https://marketing.raffle24.oasisfloralshop.in?code=UNUQ56D4,B151
184,FVQT86T9,https://marketing.raffle24.oasisfloralshop.in?code=FVQT86T9,B151
185,VZNB33P6,https://marketing.raffle24.oasisfloralshop.in?code=VZNB33P6,B151
186,ZCUQ67Y2,https://marketing.raffle24.oasisfloralshop.in?code=ZCUQ67Y2,B151
187,RQCP37T4,https://marketing.raffle24.oasisfloralshop.in?code=RQCP37T4,B151
188,RCMR9DXC,https://marketing.raffle24.oasisfloralshop.in?code=RCMR9DXC,B151
189,EMFCF8T6,https://marketing.raffle24.oasisfloralshop.in?code=EMFCF8T6,B151
190,ULUT9EPI,https://marketing.raffle24.oasisfloralshop.in?code=ULUT9EPI,B151
191,CZVI87X9,https://marketing.raffle24.oasisfloralshop.in?code=CZVI87X9,B151
192,LCVA13L6,https://marketing.raffle24.oasisfloralshop.in?code=LCVA13L6,B151
193,WPEQ47TA,https://marketing.raffle24.oasisfloralshop.in?code=WPEQ47TA,B151
194,UHPF18Q9,https://marketing.raffle24.oasisfloralshop.in?code=UHPF18Q9,B151
195,XZVA77K1,https://marketing.raffle24.oasisfloralshop.in?code=XZVA77K1,B151
196,RVWXH7M6,https://marketing.raffle24.oasisfloralshop.in?code=RVWXH7M6,B151
197,PPZGJ4K4,https://marketing.raffle24.oasisfloralshop.in?code=PPZGJ4K4,B151
198,CCBK59D4,https://marketing.raffle24.oasisfloralshop.in?code=CCBK59D4,B151
199,PRLM13HJ,https://marketing.raffle24.oasisfloralshop.in?code=PRLM13HJ,B151
200,BFFI2GZN,https://marketing.raffle24.oasisfloralshop.in?code=BFFI2GZN,B151
201,ULVF55N3,https://marketing.raffle24.oasisfloralshop.in?code=ULVF55N3,B151
202,SATJ96X7,https://marketing.raffle24.oasisfloralshop.in?code=SATJ96X7,B151
203,UUZA14X6,https://marketing.raffle24.oasisfloralshop.in?code=UUZA14X6,B151
204,SGUWE5Q8,https://marketing.raffle24.oasisfloralshop.in?code=SGUWE5Q8,B151
205,LBYSG4W1,https://marketing.raffle24.oasisfloralshop.in?code=LBYSG4W1,B151
206,LEWX92QD,https://marketing.raffle24.oasisfloralshop.in?code=LEWX92QD,B151
207,QIHC12P7,https://marketing.raffle24.oasisfloralshop.in?code=QIHC12P7,B151
208,EEIJ24S9,https://marketing.raffle24.oasisfloralshop.in?code=EEIJ24S9,B151
209,HZMF8KNI,https://marketing.raffle24.oasisfloralshop.in?code=HZMF8KNI,B151
210,JTLVD3E6,https://marketing.raffle24.oasisfloralshop.in?code=JTLVD3E6,B151
211,UEZS91D2,https://marketing.raffle24.oasisfloralshop.in?code=UEZS91D2,B151
212,HNVY79WD,https://marketing.raffle24.oasisfloralshop.in?code=HNVY79WD,B151
213,LSGQ25C9,https://marketing.raffle24.oasisfloralshop.in?code=LSGQ25C9,B151
214,NNVV23Q6,https://marketing.raffle24.oasisfloralshop.in?code=NNVV23Q6,B151
215,KWER14X3,https://marketing.raffle24.oasisfloralshop.in?code=KWER14X3,B151
216,FKEA5NQ5,https://marketing.raffle24.oasisfloralshop.in?code=FKEA5NQ5,B151
217,VLFWJ3V5,https://marketing.raffle24.oasisfloralshop.in?code=VLFWJ3V5,B151
218,XVCU8FV1,https://marketing.raffle24.oasisfloralshop.in?code=XVCU8FV1,B151
219,JPSVM5XF,https://marketing.raffle24.oasisfloralshop.in?code=JPSVM5XF,B151
220,IRPVI6TH,https://marketing.raffle24.oasisfloralshop.in?code=IRPVI6TH,B151
221,EFWDK5Q8,https://marketing.raffle24.oasisfloralshop.in?code=EFWDK5Q8,B151
222,BMVW2GV5,https://marketing.raffle24.oasisfloralshop.in?code=BMVW2GV5,B151
223,ZQFL61MK,https://marketing.raffle24.oasisfloralshop.in?code=ZQFL61MK,B151
224,MEDX77W6,https://marketing.raffle24.oasisfloralshop.in?code=MEDX77W6,B151
225,WTMI68CK,https://marketing.raffle24.oasisfloralshop.in?code=WTMI68CK,B151
226,BLAL26B6,https://marketing.raffle24.oasisfloralshop.in?code=BLAL26B6,B151
227,VGDP29F5,https://marketing.raffle24.oasisfloralshop.in?code=VGDP29F5,B151
228,QMAD3MU6,https://marketing.raffle24.oasisfloralshop.in?code=QMAD3MU6,B151
229,JRYEDKK8,https://marketing.raffle24.oasisfloralshop.in?code=JRYEDKK8,B151
230,DZNZ95Z8,https://marketing.raffle24.oasisfloralshop.in?code=DZNZ95Z8,B151
231,CFUVH1Z6,https://marketing.raffle24.oasisfloralshop.in?code=CFUVH1Z6,B151
232,UCIT25A6,https://marketing.raffle24.oasisfloralshop.in?code=UCIT25A6,B151
233,UCZY31K1,https://marketing.raffle24.oasisfloralshop.in?code=UCZY31K1,B151
234,HEWE3DMF,https://marketing.raffle24.oasisfloralshop.in?code=HEWE3DMF,B151
235,EDTPA2X9,https://marketing.raffle24.oasisfloralshop.in?code=EDTPA2X9,B151
236,LXVU2MJ2,https://marketing.raffle24.oasisfloralshop.in?code=LXVU2MJ2,B151
237,VCFPF6T2,https://marketing.raffle24.oasisfloralshop.in?code=VCFPF6T2,B151
238,ZEMJL3L2,https://marketing.raffle24.oasisfloralshop.in?code=ZEMJL3L2,B151
239,BZBP3MP2,https://marketing.raffle24.oasisfloralshop.in?code=BZBP3MP2,B151
240,LCRS18P1,https://marketing.raffle24.oasisfloralshop.in?code=LCRS18P1,B151
241,NNUI22F5,https://marketing.raffle24.oasisfloralshop.in?code=NNUI22F5,B151
242,VZRM4NK7,https://marketing.raffle24.oasisfloralshop.in?code=VZRM4NK7,B151
243,CUINH4C3,https://marketing.raffle24.oasisfloralshop.in?code=CUINH4C3,B151
244,MCSR25BL,https://marketing.raffle24.oasisfloralshop.in?code=MCSR25BL,B151
245,JQIHL6B8,https://marketing.raffle24.oasisfloralshop.in?code=JQIHL6B8,B151
246,QFNR82P6,https://marketing.raffle24.oasisfloralshop.in?code=QFNR82P6,B151
247,VJKW61Q8,https://marketing.raffle24.oasisfloralshop.in?code=VJKW61Q8,B151
248,HPWC79R2,https://marketing.raffle24.oasisfloralshop.in?code=HPWC79R2,B151
249,IBKEL3R4,https://marketing.raffle24.oasisfloralshop.in?code=IBKEL3R4,B151
250,LILJ54D7,https://marketing.raffle24.oasisfloralshop.in?code=LILJ54D7,B151
251,YCTK14H5,https://marketing.raffle24.oasisfloralshop.in?code=YCTK14H5,B151
252,RPUL22N6,https://marketing.raffle24.oasisfloralshop.in?code=RPUL22N6,B151
253,FKDIF9SK,https://marketing.raffle24.oasisfloralshop.in?code=FKDIF9SK,B151
254,LXXBD3T1,https://marketing.raffle24.oasisfloralshop.in?code=LXXBD3T1,B151
255,ENTI76D6,https://marketing.raffle24.oasisfloralshop.in?code=ENTI76D6,B151
256,YDBX44MJ,https://marketing.raffle24.oasisfloralshop.in?code=YDBX44MJ,B151
257,MYPU91AF,https://marketing.raffle24.oasisfloralshop.in?code=MYPU91AF,B151
258,MZQS5MF9,https://marketing.raffle24.oasisfloralshop.in?code=MZQS5MF9,B151
259,KVEX18L7,https://marketing.raffle24.oasisfloralshop.in?code=KVEX18L7,B151
260,PPSU49B7,https://marketing.raffle24.oasisfloralshop.in?code=PPSU49B7,B151
261,EUCC9MQ5,https://marketing.raffle24.oasisfloralshop.in?code=EUCC9MQ5,B151
262,LCWE12U8,https://marketing.raffle24.oasisfloralshop.in?code=LCWE12U8,B151
263,BDCT12JD,https://marketing.raffle24.oasisfloralshop.in?code=BDCT12JD,B151
264,NSIC95P1,https://marketing.raffle24.oasisfloralshop.in?code=NSIC95P1,B151
265,LMYI37Y4,https://marketing.raffle24.oasisfloralshop.in?code=LMYI37Y4,B151
266,UTIW89B3,https://marketing.raffle24.oasisfloralshop.in?code=UTIW89B3,B151
267,CEAH1DW2,https://marketing.raffle24.oasisfloralshop.in?code=CEAH1DW2,B151
268,KWWF49RC,https://marketing.raffle24.oasisfloralshop.in?code=KWWF49RC,B151
269,NUIN84WG,https://marketing.raffle24.oasisfloralshop.in?code=NUIN84WG,B151
270,GXBC18B2,https://marketing.raffle24.oasisfloralshop.in?code=GXBC18B2,B151
271,XUPX81B5,https://marketing.raffle24.oasisfloralshop.in?code=XUPX81B5,B151
272,UYUMJIY2,https://marketing.raffle24.oasisfloralshop.in?code=UYUMJIY2,B151
273,MGGI91K1,https://marketing.raffle24.oasisfloralshop.in?code=MGGI91K1,B151
274,ECTJ56F8,https://marketing.raffle24.oasisfloralshop.in?code=ECTJ56F8,B151
275,FHLQ6GKK,https://marketing.raffle24.oasisfloralshop.in?code=FHLQ6GKK,B151
276,MAKU53Z5,https://marketing.raffle24.oasisfloralshop.in?code=MAKU53Z5,B151
277,AUTR6KP7,https://marketing.raffle24.oasisfloralshop.in?code=AUTR6KP7,B151
278,GZDQ47PC,https://marketing.raffle24.oasisfloralshop.in?code=GZDQ47PC,B151
279,WSGE85Y1,https://marketing.raffle24.oasisfloralshop.in?code=WSGE85Y1,B151
280,SWNZ47NA,https://marketing.raffle24.oasisfloralshop.in?code=SWNZ47NA,B151
281,UFABM1DC,https://marketing.raffle24.oasisfloralshop.in?code=UFABM1DC,B151
282,PTNI67N7,https://marketing.raffle24.oasisfloralshop.in?code=PTNI67N7,B151
283,IAYL78J1,https://marketing.raffle24.oasisfloralshop.in?code=IAYL78J1,B151
284,IJNE66M7,https://marketing.raffle24.oasisfloralshop.in?code=IJNE66M7,B151
285,RPMD3IY4,https://marketing.raffle24.oasisfloralshop.in?code=RPMD3IY4,B151
286,WCQZ2JL7,https://marketing.raffle24.oasisfloralshop.in?code=WCQZ2JL7,B151
287,ZEBY71C7,https://marketing.raffle24.oasisfloralshop.in?code=ZEBY71C7,B151
288,QXKV87G1,https://marketing.raffle24.oasisfloralshop.in?code=QXKV87G1,B151
289,TYVR91X1,https://marketing.raffle24.oasisfloralshop.in?code=TYVR91X1,B151
290,NKYSK3Z3,https://marketing.raffle24.oasisfloralshop.in?code=NKYSK3Z3,B151
291,QTCHC1G7,https://marketing.raffle24.oasisfloralshop.in?code=QTCHC1G7,B151
292,LTHH17G7,https://marketing.raffle24.oasisfloralshop.in?code=LTHH17G7,B151
293,WQIR9KC9,https://marketing.raffle24.oasisfloralshop.in?code=WQIR9KC9,B151
294,AFHC46P6,https://marketing.raffle24.oasisfloralshop.in?code=AFHC46P6,B151
295,TZKF31RL,https://marketing.raffle24.oasisfloralshop.in?code=TZKF31RL,B151
296,JDZC5JF4,https://marketing.raffle24.oasisfloralshop.in?code=JDZC5JF4,B151
297,UZTW11Y6,https://marketing.raffle24.oasisfloralshop.in?code=UZTW11Y6,B151
298,EITDA2X6,https://marketing.raffle24.oasisfloralshop.in?code=EITDA2X6,B151
299,LEID2AR5,https://marketing.raffle24.oasisfloralshop.in?code=LEID2AR5,B151
300,CVSTH7D2,https://marketing.raffle24.oasisfloralshop.in?code=CVSTH7D2,B151
301,YTAX55R2,https://marketing.raffle24.oasisfloralshop.in?code=YTAX55R2,B151
302,PBZU44E1,https://marketing.raffle24.oasisfloralshop.in?code=PBZU44E1,B151
303,KADR72Z7,https://marketing.raffle24.oasisfloralshop.in?code=KADR72Z7,B151
304,ALZI56X3,https://marketing.raffle24.oasisfloralshop.in?code=ALZI56X3,B151
305,JVQJ93ED,https://marketing.raffle24.oasisfloralshop.in?code=JVQJ93ED,B151
306,WWAC99X8,https://marketing.raffle24.oasisfloralshop.in?code=WWAC99X8,B151
307,SNYV53B4,https://marketing.raffle24.oasisfloralshop.in?code=SNYV53B4,B151
308,BXKT22X3,https://marketing.raffle24.oasisfloralshop.in?code=BXKT22X3,B151
309,XYAEK8R6,https://marketing.raffle24.oasisfloralshop.in?code=XYAEK8R6,B151
310,ZSIXD5Z5,https://marketing.raffle24.oasisfloralshop.in?code=ZSIXD5Z5,B151
311,ZSNT43N8,https://marketing.raffle24.oasisfloralshop.in?code=ZSNT43N8,B151
312,QQIK5CU8,https://marketing.raffle24.oasisfloralshop.in?code=QQIK5CU8,B151
313,WZTKDDV9,https://marketing.raffle24.oasisfloralshop.in?code=WZTKDDV9,B151
314,KWMGJ4DI,https://marketing.raffle24.oasisfloralshop.in?code=KWMGJ4DI,B151
315,SNGS97A9,https://marketing.raffle24.oasisfloralshop.in?code=SNGS97A9,B151
316,IRVA31T6,https://marketing.raffle24.oasisfloralshop.in?code=IRVA31T6,B151
317,PSCS36M3,https://marketing.raffle24.oasisfloralshop.in?code=PSCS36M3,B151
318,VZRSJ6X5,https://marketing.raffle24.oasisfloralshop.in?code=VZRSJ6X5,B151
319,ZQRL9AY3,https://marketing.raffle24.oasisfloralshop.in?code=ZQRL9AY3,B151
320,VUQQNEX3,https://marketing.raffle24.oasisfloralshop.in?code=VUQQNEX3,B151
321,SWCU76Y2,https://marketing.raffle24.oasisfloralshop.in?code=SWCU76Y2,B151
322,NGJQ55D1,https://marketing.raffle24.oasisfloralshop.in?code=NGJQ55D1,B151
323,TDFY7FSJ,https://marketing.raffle24.oasisfloralshop.in?code=TDFY7FSJ,B151
324,UGQK49R4,https://marketing.raffle24.oasisfloralshop.in?code=UGQK49R4,B151
325,UGTU86WM,https://marketing.raffle24.oasisfloralshop.in?code=UGTU86WM,B151
326,TCDZ2HZ6,https://marketing.raffle24.oasisfloralshop.in?code=TCDZ2HZ6,B151
327,XFNI85X5,https://marketing.raffle24.oasisfloralshop.in?code=XFNI85X5,B151
328,PPHBM6H5,https://marketing.raffle24.oasisfloralshop.in?code=PPHBM6H5,B151
329,TXGN33TE,https://marketing.raffle24.oasisfloralshop.in?code=TXGN33TE,B151
330,RYTD54A6,https://marketing.raffle24.oasisfloralshop.in?code=RYTD54A6,B151
331,PEGI58B7,https://marketing.raffle24.oasisfloralshop.in?code=PEGI58B7,B151
332,UMUV42VG,https://marketing.raffle24.oasisfloralshop.in?code=UMUV42VG,B151
333,RQIH3AMI,https://marketing.raffle24.oasisfloralshop.in?code=RQIH3AMI,B151
334,XFMS69L3,https://marketing.raffle24.oasisfloralshop.in?code=XFMS69L3,B151
335,HHTK86W7,https://marketing.raffle24.oasisfloralshop.in?code=HHTK86W7,B151
336,YKTF15G6,https://marketing.raffle24.oasisfloralshop.in?code=YKTF15G6,B151
337,HTVS59L6,https://marketing.raffle24.oasisfloralshop.in?code=HTVS59L6,B151
338,IYZGA8MC,https://marketing.raffle24.oasisfloralshop.in?code=IYZGA8MC,B151
339,VKEN34Q9,https://marketing.raffle24.oasisfloralshop.in?code=VKEN34Q9,B151
340,YFGF87Q9,https://marketing.raffle24.oasisfloralshop.in?code=YFGF87Q9,B151
341,YTUQ66H3,https://marketing.raffle24.oasisfloralshop.in?code=YTUQ66H3,B151
342,XCYJ6EQ3,https://marketing.raffle24.oasisfloralshop.in?code=XCYJ6EQ3,B151
343,STNK5DU7,https://marketing.raffle24.oasisfloralshop.in?code=STNK5DU7,B151
344,TTHI96FC,https://marketing.raffle24.oasisfloralshop.in?code=TTHI96FC,B151
345,BAKA9HT8,https://marketing.raffle24.oasisfloralshop.in?code=BAKA9HT8,B151
346,TGPE74EN,https://marketing.raffle24.oasisfloralshop.in?code=TGPE74EN,B151
347,PCUB2EZ4,https://marketing.raffle24.oasisfloralshop.in?code=PCUB2EZ4,B151
348,VQYH48SL,https://marketing.raffle24.oasisfloralshop.in?code=VQYH48SL,B151
349,VCFN16X6,https://marketing.raffle24.oasisfloralshop.in?code=VCFN16X6,B151
350,CMWG56F9,https://marketing.raffle24.oasisfloralshop.in?code=CMWG56F9,B151
351,MKGD38B9,https://marketing.raffle24.oasisfloralshop.in?code=MKGD38B9,B151
352,QHZJD5T7,https://marketing.raffle24.oasisfloralshop.in?code=QHZJD5T7,B151
353,PNIK17XG,https://marketing.raffle24.oasisfloralshop.in?code=PNIK17XG,B151
354,GRNG78GN,https://marketing.raffle24.oasisfloralshop.in?code=GRNG78GN,B151
355,VSCN87Q9,https://marketing.raffle24.oasisfloralshop.in?code=VSCN87Q9,B151
356,KBCP52W8,https://marketing.raffle24.oasisfloralshop.in?code=KBCP52W8,B151
357,SVQRA2Q7,https://marketing.raffle24.oasisfloralshop.in?code=SVQRA2Q7,B151
358,UHGM8BU8,https://marketing.raffle24.oasisfloralshop.in?code=UHGM8BU8,B151
359,BJLR41B8,https://marketing.raffle24.oasisfloralshop.in?code=BJLR41B8,B151
360,INVU88ZI,https://marketing.raffle24.oasisfloralshop.in?code=INVU88ZI,B151
361,VBJT72Q6,https://marketing.raffle24.oasisfloralshop.in?code=VBJT72Q6,B151
362,JPJA99S4,https://marketing.raffle24.oasisfloralshop.in?code=JPJA99S4,B151
363,GJGZJ2N8,https://marketing.raffle24.oasisfloralshop.in?code=GJGZJ2N8,B151
364,YZJKD4W6,https://marketing.raffle24.oasisfloralshop.in?code=YZJKD4W6,B151
365,HYNC6HV8,https://marketing.raffle24.oasisfloralshop.in?code=HYNC6HV8,B151
366,NLTM67F6,https://marketing.raffle24.oasisfloralshop.in?code=NLTM67F6,B151
367,VJHUA1G7,https://marketing.raffle24.oasisfloralshop.in?code=VJHUA1G7,B151
368,KNHQB4H5,https://marketing.raffle24.oasisfloralshop.in?code=KNHQB4H5,B151
369,CARX13S9,https://marketing.raffle24.oasisfloralshop.in?code=CARX13S9,B151
370,QBKK79R7,https://marketing.raffle24.oasisfloralshop.in?code=QBKK79R7,B151
371,MTGT98E7,https://marketing.raffle24.oasisfloralshop.in?code=MTGT98E7,B151
372,YHCW55DF,https://marketing.raffle24.oasisfloralshop.in?code=YHCW55DF,B151
373,IYEX2JA2,https://marketing.raffle24.oasisfloralshop.in?code=IYEX2JA2,B151
374,PEDC37Z3,https://marketing.raffle24.oasisfloralshop.in?code=PEDC37Z3,B151
375,JGNH14C6,https://marketing.raffle24.oasisfloralshop.in?code=JGNH14C6,B151
376,GFIXC9N2,https://marketing.raffle24.oasisfloralshop.in?code=GFIXC9N2,B151
377,QTBF27Q8,https://marketing.raffle24.oasisfloralshop.in?code=QTBF27Q8,B151
378,VVLZ5BW1,https://marketing.raffle24.oasisfloralshop.in?code=VVLZ5BW1,B151
379,AVVV83Z5,https://marketing.raffle24.oasisfloralshop.in?code=AVVV83Z5,B151
380,HMSL1LEI,https://marketing.raffle24.oasisfloralshop.in?code=HMSL1LEI,B151
381,SDEI8KY5,https://marketing.raffle24.oasisfloralshop.in?code=SDEI8KY5,B151
382,VJCKK2XN,https://marketing.raffle24.oasisfloralshop.in?code=VJCKK2XN,B151
383,HQHSI6R8,https://marketing.raffle24.oasisfloralshop.in?code=HQHSI6R8,B151
384,VHNDDNZN,https://marketing.raffle24.oasisfloralshop.in?code=VHNDDNZN,B151
385,JSXR6BR7,https://marketing.raffle24.oasisfloralshop.in?code=JSXR6BR7,B151
386,SHET23X3,https://marketing.raffle24.oasisfloralshop.in?code=SHET23X3,B151
387,KPXZ8IU7,https://marketing.raffle24.oasisfloralshop.in?code=KPXZ8IU7,B151
388,RHTN58A7,https://marketing.raffle24.oasisfloralshop.in?code=RHTN58A7,B151
389,JJSL57T4,https://marketing.raffle24.oasisfloralshop.in?code=JJSL57T4,B151
390,AIXL94KL,https://marketing.raffle24.oasisfloralshop.in?code=AIXL94KL,B151
391,EBBRN8Y8,https://marketing.raffle24.oasisfloralshop.in?code=EBBRN8Y8,B151
392,KVKL11C1,https://marketing.raffle24.oasisfloralshop.in?code=KVKL11C1,B151
393,BGWU44P3,https://marketing.raffle24.oasisfloralshop.in?code=BGWU44P3,B151
394,EFMN35L6,https://marketing.raffle24.oasisfloralshop.in?code=EFMN35L6,B151
395,CSVT31Q2,https://marketing.raffle24.oasisfloralshop.in?code=CSVT31Q2,B151
396,EGBK91A4,https://marketing.raffle24.oasisfloralshop.in?code=EGBK91A4,B151
397,QAYMF3F5,https://marketing.raffle24.oasisfloralshop.in?code=QAYMF3F5,B151
398,FFUK3ID9,https://marketing.raffle24.oasisfloralshop.in?code=FFUK3ID9,B151
399,JXMT18I4,https://marketing.raffle24.oasisfloralshop.in?code=JXMT18I4,B151
400,NZXGKBS9,https://marketing.raffle24.oasisfloralshop.in?code=NZXGKBS9,B151
401,KSCB4NND,https://marketing.raffle24.oasisfloralshop.in?code=KSCB4NND,B151
402,UYAV67F7,https://marketing.raffle24.oasisfloralshop.in?code=UYAV67F7,B151
403,QJPN6ENK,https://marketing.raffle24.oasisfloralshop.in?code=QJPN6ENK,B151
404,YZRK73K9,https://marketing.raffle24.oasisfloralshop.in?code=YZRK73K9,B151
405,GGRQ42U8,https://marketing.raffle24.oasisfloralshop.in?code=GGRQ42U8,B151
406,LHIT3JI4,https://marketing.raffle24.oasisfloralshop.in?code=LHIT3JI4,B151
407,KAYNK1Y1,https://marketing.raffle24.oasisfloralshop.in?code=KAYNK1Y1,B151
408,ISMV46F5,https://marketing.raffle24.oasisfloralshop.in?code=ISMV46F5,B151
409,HEBHK3G3,https://marketing.raffle24.oasisfloralshop.in?code=HEBHK3G3,B151
410,AQYJA5S3,https://marketing.raffle24.oasisfloralshop.in?code=AQYJA5S3,B151
411,UTLG77U8,https://marketing.raffle24.oasisfloralshop.in?code=UTLG77U8,B151
412,JYUG17N8,https://marketing.raffle24.oasisfloralshop.in?code=JYUG17N8,B151
413,LTWF79GM,https://marketing.raffle24.oasisfloralshop.in?code=LTWF79GM,B151
414,RJUW84F1,https://marketing.raffle24.oasisfloralshop.in?code=RJUW84F1,B151
415,IMMX16Q2,https://marketing.raffle24.oasisfloralshop.in?code=IMMX16Q2,B151
416,YNXD26B4,https://marketing.raffle24.oasisfloralshop.in?code=YNXD26B4,B151
417,TNWY59X4,https://marketing.raffle24.oasisfloralshop.in?code=TNWY59X4,B151
418,ZFNX8CC9,https://marketing.raffle24.oasisfloralshop.in?code=ZFNX8CC9,B151
419,TIJL7DJ1,https://marketing.raffle24.oasisfloralshop.in?code=TIJL7DJ1,B151
420,GYJY8BV9,https://marketing.raffle24.oasisfloralshop.in?code=GYJY8BV9,B151
421,QETSC4VB,https://marketing.raffle24.oasisfloralshop.in?code=QETSC4VB,B151
422,CRZK2FK3,https://marketing.raffle24.oasisfloralshop.in?code=CRZK2FK3,B151
423,UNMG71RC,https://marketing.raffle24.oasisfloralshop.in?code=UNMG71RC,B151
424,TLCY35SM,https://marketing.raffle24.oasisfloralshop.in?code=TLCY35SM,B151
425,AFPC56Y7,https://marketing.raffle24.oasisfloralshop.in?code=AFPC56Y7,B151
426,PWWR54XB,https://marketing.raffle24.oasisfloralshop.in?code=PWWR54XB,B151
427,EACE47L1,https://marketing.raffle24.oasisfloralshop.in?code=EACE47L1,B151
428,DJGX6GRI,https://marketing.raffle24.oasisfloralshop.in?code=DJGX6GRI,B151
429,GHXCK6T8,https://marketing.raffle24.oasisfloralshop.in?code=GHXCK6T8,B151
430,GSLJ47Y2,https://marketing.raffle24.oasisfloralshop.in?code=GSLJ47Y2,B151
431,UEVH6JR5,https://marketing.raffle24.oasisfloralshop.in?code=UEVH6JR5,B151
432,FIXC3NX2,https://marketing.raffle24.oasisfloralshop.in?code=FIXC3NX2,B151
433,GZLT4MK3,https://marketing.raffle24.oasisfloralshop.in?code=GZLT4MK3,B151
434,QNQT6DEC,https://marketing.raffle24.oasisfloralshop.in?code=QNQT6DEC,B151
435,UTFB55J7,https://marketing.raffle24.oasisfloralshop.in?code=UTFB55J7,B151
436,ZHLC74Y2,https://marketing.raffle24.oasisfloralshop.in?code=ZHLC74Y2,B151
437,BWEC31H9,https://marketing.raffle24.oasisfloralshop.in?code=BWEC31H9,B151
438,YIEZ38VD,https://marketing.raffle24.oasisfloralshop.in?code=YIEZ38VD,B151
439,FPUL1DZ7,https://marketing.raffle24.oasisfloralshop.in?code=FPUL1DZ7,B151
440,BPWL49C6,https://marketing.raffle24.oasisfloralshop.in?code=BPWL49C6,B151
441,CCDG46W4,https://marketing.raffle24.oasisfloralshop.in?code=CCDG46W4,B151
442,AJFC45C3,https://marketing.raffle24.oasisfloralshop.in?code=AJFC45C3,B151
443,PPHZ69S5,https://marketing.raffle24.oasisfloralshop.in?code=PPHZ69S5,B151
444,TRSU72W5,https://marketing.raffle24.oasisfloralshop.in?code=TRSU72W5,B151
445,TUHY22WA,https://marketing.raffle24.oasisfloralshop.in?code=TUHY22WA,B151
446,TDWF59X4,https://marketing.raffle24.oasisfloralshop.in?code=TDWF59X4,B151
447,FXWG39P5,https://marketing.raffle24.oasisfloralshop.in?code=FXWG39P5,B151
448,ZZGM4IL7,https://marketing.raffle24.oasisfloralshop.in?code=ZZGM4IL7,B151
449,TPJQ15P5,https://marketing.raffle24.oasisfloralshop.in?code=TPJQ15P5,B151
450,WAXK93RD,https://marketing.raffle24.oasisfloralshop.in?code=WAXK93RD,B151
451,JQBA66N8,https://marketing.raffle24.oasisfloralshop.in?code=JQBA66N8,B151
452,BFAM8GYL,https://marketing.raffle24.oasisfloralshop.in?code=BFAM8GYL,B151
453,AXGLN7X3,https://marketing.raffle24.oasisfloralshop.in?code=AXGLN7X3,B151
454,YJUIB9M2,https://marketing.raffle24.oasisfloralshop.in?code=YJUIB9M2,B151
455,TPPW53YJ,https://marketing.raffle24.oasisfloralshop.in?code=TPPW53YJ,B151
456,ZMPD13Q4,https://marketing.raffle24.oasisfloralshop.in?code=ZMPD13Q4,B151
457,SNTMH7FD,https://marketing.raffle24.oasisfloralshop.in?code=SNTMH7FD,B151
458,HAUU5GP3,https://marketing.raffle24.oasisfloralshop.in?code=HAUU5GP3,B151
459,FIKZ34E4,https://marketing.raffle24.oasisfloralshop.in?code=FIKZ34E4,B151
460,XUKH83U4,https://marketing.raffle24.oasisfloralshop.in?code=XUKH83U4,B151
461,CKNC12M6,https://marketing.raffle24.oasisfloralshop.in?code=CKNC12M6,B151
462,MFQE62M7,https://marketing.raffle24.oasisfloralshop.in?code=MFQE62M7,B151
463,PNCD6KBL,https://marketing.raffle24.oasisfloralshop.in?code=PNCD6KBL,B151
464,RTQK55N2,https://marketing.raffle24.oasisfloralshop.in?code=RTQK55N2,B151
465,XNVK41S9,https://marketing.raffle24.oasisfloralshop.in?code=XNVK41S9,B151
466,YNVRD7W1,https://marketing.raffle24.oasisfloralshop.in?code=YNVRD7W1,B151
467,DIDQ55J3,https://marketing.raffle24.oasisfloralshop.in?code=DIDQ55J3,B151
468,RJZT22J6,https://marketing.raffle24.oasisfloralshop.in?code=RJZT22J6,B151
469,ZVTG6MZ5,https://marketing.raffle24.oasisfloralshop.in?code=ZVTG6MZ5,B151
470,UNVI13A4,https://marketing.raffle24.oasisfloralshop.in?code=UNVI13A4,B151
471,HLCW85V4,https://marketing.raffle24.oasisfloralshop.in?code=HLCW85V4,B151
472,UNWP64W7,https://marketing.raffle24.oasisfloralshop.in?code=UNWP64W7,B151
473,TGQU94G6,https://marketing.raffle24.oasisfloralshop.in?code=TGQU94G6,B151
474,HZKQB6D5,https://marketing.raffle24.oasisfloralshop.in?code=HZKQB6D5,B151
475,JZAP91K2,https://marketing.raffle24.oasisfloralshop.in?code=JZAP91K2,B151
476,GVHPG7NF,https://marketing.raffle24.oasisfloralshop.in?code=GVHPG7NF,B151
477,FUHZ9IJ9,https://marketing.raffle24.oasisfloralshop.in?code=FUHZ9IJ9,B151
478,JSQR15XI,https://marketing.raffle24.oasisfloralshop.in?code=JSQR15XI,B151
479,PERT76B5,https://marketing.raffle24.oasisfloralshop.in?code=PERT76B5,B151
480,VSIF71C7,https://marketing.raffle24.oasisfloralshop.in?code=VSIF71C7,B151
481,XMZM71H5,https://marketing.raffle24.oasisfloralshop.in?code=XMZM71H5,B151
482,JAKU49V1,https://marketing.raffle24.oasisfloralshop.in?code=JAKU49V1,B151
483,GLPA47C1,https://marketing.raffle24.oasisfloralshop.in?code=GLPA47C1,B151
484,PXKNL2V6,https://marketing.raffle24.oasisfloralshop.in?code=PXKNL2V6,B151
485,AQGC11GE,https://marketing.raffle24.oasisfloralshop.in?code=AQGC11GE,B151
486,TGJG3EI4,https://marketing.raffle24.oasisfloralshop.in?code=TGJG3EI4,B151
487,BWTL54J5,https://marketing.raffle24.oasisfloralshop.in?code=BWTL54J5,B151
488,AXFW28V2,https://marketing.raffle24.oasisfloralshop.in?code=AXFW28V2,B151
489,KTYR3IR4,https://marketing.raffle24.oasisfloralshop.in?code=KTYR3IR4,B151
490,EYQKM7Q3,https://marketing.raffle24.oasisfloralshop.in?code=EYQKM7Q3,B151
491,QSSH61G8,https://marketing.raffle24.oasisfloralshop.in?code=QSSH61G8,B151
492,ARQA53B2,https://marketing.raffle24.oasisfloralshop.in?code=ARQA53B2,B151
493,YRAUD7R9,https://marketing.raffle24.oasisfloralshop.in?code=YRAUD7R9,B151
494,XEYC83J8,https://marketing.raffle24.oasisfloralshop.in?code=XEYC83J8,B151
495,IPCDG6I2,https://marketing.raffle24.oasisfloralshop.in?code=IPCDG6I2,B151
496,NPVIBGTF,https://marketing.raffle24.oasisfloralshop.in?code=NPVIBGTF,B151
497,VLIV5GT9,https://marketing.raffle24.oasisfloralshop.in?code=VLIV5GT9,B151
498,WMRK46D4,https://marketing.raffle24.oasisfloralshop.in?code=WMRK46D4,B151
499,PNLC15Q3,https://marketing.raffle24.oasisfloralshop.in?code=PNLC15Q3,B151
500,ZFAXI6G6,https://marketing.raffle24.oasisfloralshop.in?code=ZFAXI6G6,B151
